-- =====================================================================
-- R__dev_seed_legacy_data.sql  （開発用シード／repeatable）
--
-- 旧 baseball-market（PHP）の本番相当データを開発環境へ投入する。
-- _docs/database/bb_market.sql の INSERT のみを data-only で抽出したもの。
--
-- 重要:
--   * これは「開発専用」シード。db/seed ロケーションは dev のみ flyway.locations に
--     含める（本番 application-prod では db/migration のみとする）。
--   * repeatable のため、内容変更時に再実行される。再実行で重複キーにならないよう
--     先頭で対象テーブルを全削除してから再投入する（FK チェックは一時的に無効化）。
--   * email/password は開発用に匿名化・統一している。email は user{id}@example.com 形式、
--     password は全ユーザー共通で平文 'password'（BCrypt ハッシュ）。
--     旧 users は email に UNIQUE が無く id=7 と id=52 が同一メールだったが、id ベースの
--     命名なので新スキーマの uk_users_email 制約に抵触しない。
--   * email_verification_tokens は旧ダンプにデータが無いため投入しない。
--   * products id=237（UNDER ARMOUR スパイク）は旧ダンプ時点で pic1〜pic3 が
--     存在しないファイル（5061db06…/654e59c8…/35df7466….jpeg）を指しており画像が
--     404 になる旧データ不整合があった。開発シードでは pic1 を実在する
--     uploads/descent_spike.jpg に差し替え、pic2/pic3 は空にしている
--     （_docs/database/bb_market.sql は旧本番の忠実なスナップショットとして未修正）。
--   * シードが参照する画像 fixture は db/seed/uploads/ に配置・コミットしている
--     （正規置き場）。配信は /uploads/** リソースハンドラ（WebConfig）が
--     classpath:/db/seed/uploads/ から解決する。static/uploads/ はランタイムの
--     ユーザーアップロード保存先（Git 非追跡）。
-- =====================================================================

SET FOREIGN_KEY_CHECKS = 0;

DELETE FROM `messages`;
DELETE FROM `boards`;
DELETE FROM `likes`;
DELETE FROM `email_verification_tokens`;
DELETE FROM `products`;
DELETE FROM `user_profiles`;
DELETE FROM `users`;
DELETE FROM `makers`;
DELETE FROM `categories`;

-- --- users ---
INSERT INTO `users` (`id`, `email`, `password`, `delete_flg`, `login_at`, `created_at`, `updated_at`, `email_verified_at`) VALUES
(1, 'user1@example.com', '$2y$10$7sf7lbEsIp2gmrdIkwZqneCzqUxycf13SuM45Ps5R6.yW7y8SwM8O', 0, '2020-04-15 23:18:14', '2020-04-15 23:18:14', '2026-03-29 09:19:18', '2020-04-15 23:18:14'),
(2, 'user2@example.com', '$2y$10$7sf7lbEsIp2gmrdIkwZqneCzqUxycf13SuM45Ps5R6.yW7y8SwM8O', 0, '2020-04-17 21:51:12', '2020-04-17 21:51:12', '2026-03-29 09:19:18', '2020-04-17 21:51:12'),
(4, 'user4@example.com', '$2y$10$7sf7lbEsIp2gmrdIkwZqneCzqUxycf13SuM45Ps5R6.yW7y8SwM8O', 0, '2020-04-25 07:21:17', '2020-04-25 07:21:17', '2026-03-29 09:19:18', '2020-04-25 07:21:17'),
(5, 'user5@example.com', '$2y$10$7sf7lbEsIp2gmrdIkwZqneCzqUxycf13SuM45Ps5R6.yW7y8SwM8O', 0, '2020-04-30 23:01:27', '2020-04-30 23:01:27', '2026-03-29 09:19:18', '2020-04-30 23:01:27'),
(6, 'user6@example.com', '$2y$10$7sf7lbEsIp2gmrdIkwZqneCzqUxycf13SuM45Ps5R6.yW7y8SwM8O', 0, '2020-05-01 19:35:01', '2020-05-01 19:35:01', '2026-03-29 09:19:18', '2020-05-01 19:35:01'),
-- id=7 は退会済み(delete_flg=1)。開発用に email を user{id} 形式へ統一（id ベースなので衝突しない）
(7, 'user7@example.com', '$2y$10$7sf7lbEsIp2gmrdIkwZqneCzqUxycf13SuM45Ps5R6.yW7y8SwM8O', 1, NULL, '2026-03-28 16:12:01', '2026-03-29 11:08:17', '2026-03-28 16:12:01'),
(52, 'user52@example.com', '$2y$10$7sf7lbEsIp2gmrdIkwZqneCzqUxycf13SuM45Ps5R6.yW7y8SwM8O', 0, NULL, '2026-03-29 11:09:23', '2026-03-29 11:10:38', '2026-03-29 11:10:38');

-- --- user_profiles ---
INSERT INTO `user_profiles` (`user_id`, `username`, `age`, `tel`, `zip`, `prefecture`, `city`, `street`, `building`, `pic`, `created_at`, `updated_at`) VALUES
(1, 'ぼのぼの１', 15, '08019815390', '6640839', '兵庫県', '伊丹市桑津', NULL, NULL, 'uploads/0561e99a09df0e45eb69041d0252d0c69e73b061.png', '2026-03-28 16:08:42', '2026-03-28 16:08:42'),
(2, '野球好きなおっさん', 54, '08012345678', '9803452', NULL, NULL, NULL, NULL, 'uploads/6917b97f1c6df69eab2f1cee5eb4d10048e46569.jpeg', '2026-03-28 16:08:42', '2026-03-28 16:08:42'),
(4, 'サンプルさん', 35, '09074651234', '4561234', NULL, NULL, NULL, NULL, 'uploads/10b3c54f7edf30ddb820f8089a9b7ccb87ed5d49.png', '2026-03-28 16:08:42', '2026-03-28 16:08:42'),
(5, 'ゲストユーザー', 50, '09012345678', '8987655', NULL, NULL, NULL, NULL, '', '2026-03-28 16:08:42', '2026-03-28 16:08:42'),
(6, 'なんと孫六', 24, '08012349879', '7891234', NULL, NULL, NULL, NULL, 'uploads/b3e2ca168ba2b4c7fa6b4e5b4827e274987d130d.jpeg', '2026-03-28 16:08:42', '2026-03-28 16:08:42');

-- --- categories ---
INSERT INTO `categories` (`id`, `category_name`, `delete_flg`, `created_at`, `updated_at`) VALUES
(1, 'グローブ', 0, '2020-04-01 23:16:17', '2020-04-22 05:16:20'),
(2, 'スパイク', 0, '2020-04-01 23:16:22', '2020-04-22 05:16:24'),
(3, '硬式用バット', 0, '2020-04-01 23:16:27', '2020-04-22 05:16:39'),
(4, '軟式用バット', 0, '2020-04-01 23:16:27', '2020-04-22 05:16:55'),
(5, 'ユニフォーム', 0, '2020-04-01 23:16:27', '2020-04-22 05:17:16'),
(6, 'トレーニングウェア', 0, '2020-04-01 23:16:27', '2020-04-22 05:17:24'),
(7, 'インナー', 0, '2020-04-01 23:16:27', '2020-04-22 05:17:31'),
(8, 'アクセサリー', 0, '2020-04-01 23:16:27', '2020-04-22 05:17:37'),
(9, '遠征用バッグ', 0, '2020-04-01 23:16:27', '2020-04-22 05:17:44'),
(10, 'トレーニング機器', 0, '2020-04-01 23:16:27', '2020-04-22 05:18:21'),
(11, 'その他', 0, '2020-04-01 23:16:27', '2020-04-22 05:18:48');

-- --- makers ---
INSERT INTO `makers` (`id`, `maker_name`, `delete_flg`, `created_at`, `updated_at`) VALUES
(1, 'ミズノ', 0, '2020-04-01 23:16:17', '2020-04-22 05:16:20'),
(2, 'ZETT', 0, '2020-04-01 23:16:22', '2020-04-22 05:16:24'),
(3, 'デサント', 0, '2020-04-01 23:16:27', '2020-04-22 05:16:39'),
(4, '久保田スラッガー', 0, '2020-04-01 23:16:27', '2020-04-22 05:16:55'),
(5, 'ナイキ', 0, '2020-04-01 23:16:27', '2020-04-22 05:17:16'),
(6, 'HATAKEYAMA', 0, '2020-04-01 23:16:27', '2020-04-22 05:17:24'),
(7, 'ローリングス', 0, '2020-04-01 23:16:27', '2020-04-22 05:17:31'),
(8, '美津和タイガー', 0, '2020-04-01 23:16:27', '2020-04-22 05:17:37'),
(9, 'UNDER ARMOUR', 0, '2020-04-01 23:16:27', '2020-04-22 05:17:44'),
(10, 'ザナックス', 0, '2020-04-01 23:16:27', '2020-04-22 05:18:21'),
(11, 'その他', 0, '2020-04-01 23:16:27', '2020-04-22 05:18:48');

-- --- products ---
INSERT INTO `products` (`id`, `product_name`, `maker_id`, `category_id`, `user_id`, `product_comment`, `price`, `pic1`, `pic2`, `pic3`, `delete_flg`, `sold_out_flg`, `created_at`, `updated_at`) VALUES
(55, '硬式用グローブ', 1, 1, 1, '中古品ですが美品です！', 5000, 'uploads/0d81c59eb2e64222d1c141b13ccb721cc4f0d280.jpeg', 'uploads/ca478b2d18f06be71fff43e8722ad07f39bd3d9f.png', '', 0, 0, '2020-04-23 23:22:27', '2025-12-27 12:25:42'),
(74, '硬式用竹バット', 2, 3, 4, '使用感がありますが、まだまだ使えます！', 5000, 'uploads/d37c1d3de3d21c9be567263ecb46a0ebd39b9bb6.jpeg', '', '', 0, 0, '2020-04-25 07:23:24', '2020-04-24 13:23:24'),
(76, '【美品】硬式用バット', 9, 3, 4, 'ほぼ新品に近い状態です！\r\nノークレーム・ノーリターンでおねがいします。', 13000, 'uploads/36af14c91dafb7977807bdd7d602a6dee161f939.jpeg', '', '', 0, 1, '2020-04-25 07:26:05', '2025-12-27 12:28:33'),
(122, '【美品】硬式用バット', 9, 3, 4, 'ほぼ新品に近い状態です！\r\nノークレーム・ノーリターンでおねがいします。', 13000, 'uploads/36af14c91dafb7977807bdd7d602a6dee161f939.jpeg', '', '', 0, 0, '2020-04-25 07:26:05', '2020-04-24 13:26:05'),
(149, 'スペシャルオーダーグラブ', 4, 1, 1, '甲子園で使用したグラブです！', 18000, 'uploads/0256b4f4281f0efbcc231e31ac93fde2ee3fb64d.jpeg', '', '', 0, 1, '2020-04-24 08:14:02', '2025-12-27 12:28:33'),
(169, '【美品】高校野球対応スパイク', 3, 2, 4, '【商品説明】\r\n高校野球に対応したカラーのスパイクです。\r\n若干の使用感がありますが、まだ使用できます。', 4000, 'uploads/b5559ecbb2988c1ece77c6a89907979f730d615e.jpeg', 'uploads/b5559ecbb2988c1ece77c6a89907979f730d615e1.jpg', 'uploads/b5559ecbb2988c1ece77c6a89907979f730d615e3.jpg', 0, 1, '2020-04-27 14:11:09', '2026-03-07 12:02:29'),
(170, '【美品】上下セット トレーニングウェア', 9, 6, 2, 'サイズが合わなかったため出品します。開封済みですが未使用です。\r\n\r\nノークレーム・ノーリターンでお願い致します。', 8000, 'uploads/2a698d85f02e4b842e1d2d319aaa0804f66aec95.jpeg', '', '', 0, 1, '2020-04-28 07:33:37', '2025-12-27 12:28:33'),
(171, '【大容量！】遠征用バッグ', 3, 9, 4, 'かなり美品です！', 9000, 'uploads/abaace38d0da3a51b4e6c33139daa68449f40c2a.jpeg', '', '', 0, 1, '2020-04-30 07:11:28', '2026-03-17 13:50:50'),
(172, '【硬式用グローブ】美津和タイガー内野手用', 8, 1, 2, '甲子園で使用したグラブです！', 16000, 'uploads/d3a3bfda24dd1e82784ba8eedbd2cb1480639d31.jpeg', '', '', 0, 0, '2020-04-30 07:12:35', '2020-04-29 13:12:35'),
(173, 'HATAKEYAMA キャッチャーミット', 6, 1, 2, 'ほぼ未使用品です！', 45000, 'uploads/b49e527ccc783d149a138206d2b4e0c5652927b7.jpeg', '', '', 0, 0, '2020-04-30 07:13:17', '2020-04-29 13:13:17'),
(174, '【おしゃれ】ナイキスパイク', 5, 2, 2, 'おしゃれなナイキのスパイクです。軟式用のポイントスパイクです！', 5000, 'uploads/11b6a65b87c6d21a8418eb99da79b8104baed1a5.jpeg', '', '', 0, 0, '2020-04-30 07:14:28', '2020-04-29 13:14:28'),
(175, '練習用ユニフォーム', 3, 5, 2, '夏場でもすぐに乾くので、機能性抜群です！', 6000, 'uploads/503f3464d9c99a4a357d9e2f722f8cd6866bec8e.jpeg', '', '', 0, 0, '2020-04-30 08:37:40', '2020-04-29 14:37:40'),
(176, '【硬式用】ZETT内野手用グローブ', 2, 1, 4, '中古品ですが、まだまだ使えます！', 4500, 'uploads/3e9f5b018573247435c3e9d6cda9167bcfe0c538.jpeg', '', '', 0, 1, '2020-04-30 09:29:07', '2025-12-27 12:28:33'),
(177, '【軟式用】ローリングス内野手用グローブ', 7, 1, 2, '新品に近い状態です。ほとんど使用していません。', 16000, 'uploads/eef6b6c422ae6d03aa78a615973dc66f1e46f5d2.jpeg', '', '', 0, 0, '2020-04-30 09:31:21', '2020-04-29 15:31:21'),
(178, 'スペシャルオーダーグラブ', 4, 1, 1, '甲子園で使用したグラブです！', 18000, 'uploads/0256b4f4281f0efbcc231e31ac93fde2ee3fb64d.jpeg', '', '', 0, 0, '2020-04-24 08:14:02', '2026-03-16 08:15:42'),
(179, 'スペシャルオーダーグラブ', 4, 1, 1, '甲子園で使用したグラブです！', 18000, 'uploads/0256b4f4281f0efbcc231e31ac93fde2ee3fb64d.jpeg', '', '', 0, 0, '2020-04-24 08:14:02', '2025-12-27 12:25:42'),
(180, 'スペシャルオーダーグラブ', 4, 1, 1, '甲子園で使用したグラブです！', 24000, 'uploads/0256b4f4281f0efbcc231e31ac93fde2ee3fb64d.jpeg', '', '', 0, 0, '2020-04-24 08:14:02', '2025-12-27 12:25:42'),
(181, 'スペシャルオーダーグラブ', 4, 1, 1, '甲子園で使用したグラブです！', 18000, 'uploads/0256b4f4281f0efbcc231e31ac93fde2ee3fb64d.jpeg', '', '', 0, 0, '2020-04-24 08:14:02', '2025-12-27 12:25:42'),
(182, 'スペシャルオーダーグラブ', 4, 1, 1, '甲子園で使用したグラブです！', 18000, 'uploads/0256b4f4281f0efbcc231e31ac93fde2ee3fb64d.jpeg', '', '', 0, 0, '2020-04-24 08:14:02', '2025-12-27 12:25:42'),
(183, 'スペシャルオーダーグラブ', 4, 1, 1, '甲子園で使用したグラブです！', 23000, 'uploads/0256b4f4281f0efbcc231e31ac93fde2ee3fb64d.jpeg', '', '', 0, 0, '2020-04-24 08:14:02', '2025-12-27 12:25:42'),
(184, '【美品】上下セット トレーニングウェア', 9, 6, 2, 'サイズが合わなかったため出品します。開封済みですが未使用です。\r\n\r\nノークレーム・ノーリターンでお願い致します。', 8000, 'uploads/2a698d85f02e4b842e1d2d319aaa0804f66aec95.jpeg', '', '', 0, 0, '2020-04-28 07:33:37', '2020-04-27 13:33:37'),
(185, '【美品】上下セット トレーニングウェア', 9, 6, 2, 'サイズが合わなかったため出品します。開封済みですが未使用です。\r\n\r\nノークレーム・ノーリターンでお願い致します。', 8000, 'uploads/2a698d85f02e4b842e1d2d319aaa0804f66aec95.jpeg', '', '', 0, 0, '2020-04-28 07:33:37', '2020-04-27 13:33:37'),
(186, '【美品】上下セット トレーニングウェア', 9, 6, 2, 'サイズが合わなかったため出品します。開封済みですが未使用です。\r\n\r\nノークレーム・ノーリターンでお願い致します。', 8000, 'uploads/2a698d85f02e4b842e1d2d319aaa0804f66aec95.jpeg', '', '', 0, 0, '2020-04-28 07:33:37', '2020-04-27 13:33:37'),
(187, '【美品】上下セット トレーニングウェア', 9, 6, 2, 'サイズが合わなかったため出品します。開封済みですが未使用です。\r\n\r\nノークレーム・ノーリターンでお願い致します。', 8000, 'uploads/2a698d85f02e4b842e1d2d319aaa0804f66aec95.jpeg', '', '', 0, 0, '2020-04-28 07:33:37', '2020-04-27 13:33:37'),
(188, '【美品】上下セット トレーニングウェア', 9, 6, 2, 'サイズが合わなかったため出品します。開封済みですが未使用です。\r\n\r\nノークレーム・ノーリターンでお願い致します。', 8000, 'uploads/2a698d85f02e4b842e1d2d319aaa0804f66aec95.jpeg', '', '', 0, 0, '2020-04-28 07:33:37', '2020-04-27 13:33:37'),
(189, '【美品】上下セット トレーニングウェア', 9, 6, 2, 'サイズが合わなかったため出品します。開封済みですが未使用です。\r\n\r\nノークレーム・ノーリターンでお願い致します。', 8000, 'uploads/2a698d85f02e4b842e1d2d319aaa0804f66aec95.jpeg', '', '', 0, 0, '2020-04-28 07:33:37', '2020-04-27 13:33:37'),
(190, '【美品】上下セット トレーニングウェア', 9, 6, 2, 'サイズが合わなかったため出品します。開封済みですが未使用です。\r\n\r\nノークレーム・ノーリターンでお願い致します。', 8000, 'uploads/2a698d85f02e4b842e1d2d319aaa0804f66aec95.jpeg', '', '', 0, 0, '2020-04-28 07:33:37', '2020-04-27 13:33:37'),
(191, '【硬式用】ZETT内野手用グローブ', 2, 1, 4, '中古品ですが、まだまだ使えます！', 4500, 'uploads/3e9f5b018573247435c3e9d6cda9167bcfe0c538.jpeg', '', '', 0, 0, '2020-04-30 09:29:07', '2020-04-29 15:29:07'),
(192, '【硬式用】ZETT内野手用グローブ', 2, 1, 4, '中古品ですが、まだまだ使えます！', 4500, 'uploads/3e9f5b018573247435c3e9d6cda9167bcfe0c538.jpeg', '', '', 0, 0, '2020-04-30 09:29:07', '2020-04-29 15:29:07'),
(193, '【硬式用】ZETT内野手用グローブ', 2, 1, 4, '中古品ですが、まだまだ使えます！', 4500, 'uploads/3e9f5b018573247435c3e9d6cda9167bcfe0c538.jpeg', '', '', 0, 0, '2020-04-30 09:29:07', '2020-04-29 15:29:07'),
(194, '【硬式用】ZETT内野手用グローブ', 2, 1, 4, '中古品ですが、まだまだ使えます！', 4500, 'uploads/3e9f5b018573247435c3e9d6cda9167bcfe0c538.jpeg', '', '', 0, 0, '2020-04-30 09:29:07', '2020-04-29 15:29:07'),
(195, '【硬式用】ZETT内野手用グローブ', 2, 1, 4, '中古品ですが、まだまだ使えます！', 4500, 'uploads/3e9f5b018573247435c3e9d6cda9167bcfe0c538.jpeg', '', '', 0, 0, '2020-04-30 09:29:07', '2020-04-29 15:29:07'),
(196, '【硬式用】ZETT内野手用グローブ', 2, 1, 4, '中古品ですが、まだまだ使えます！', 4500, 'uploads/3e9f5b018573247435c3e9d6cda9167bcfe0c538.jpeg', '', '', 0, 0, '2020-04-30 09:29:07', '2020-04-29 15:29:07'),
(197, '【硬式用】ZETT内野手用グローブ', 2, 1, 4, '中古品ですが、まだまだ使えます！', 4500, 'uploads/3e9f5b018573247435c3e9d6cda9167bcfe0c538.jpeg', '', '', 0, 0, '2020-04-30 09:29:07', '2020-04-29 15:29:07'),
(198, '練習用ユニフォーム', 3, 5, 2, '夏場でもすぐに乾くので、機能性抜群です！', 6000, 'uploads/503f3464d9c99a4a357d9e2f722f8cd6866bec8e.jpeg', '', '', 0, 0, '2020-04-30 08:37:40', '2020-04-29 14:37:40'),
(199, '練習用ユニフォーム', 3, 5, 2, '夏場でもすぐに乾くので、機能性抜群です！', 6000, 'uploads/503f3464d9c99a4a357d9e2f722f8cd6866bec8e.jpeg', '', '', 0, 0, '2020-04-30 08:37:40', '2020-04-29 14:37:40'),
(200, '練習用ユニフォーム', 3, 5, 2, '夏場でもすぐに乾くので、機能性抜群です！', 6000, 'uploads/503f3464d9c99a4a357d9e2f722f8cd6866bec8e.jpeg', '', '', 0, 0, '2020-04-30 08:37:40', '2020-04-29 14:37:40'),
(201, '練習用ユニフォーム', 3, 5, 2, '夏場でもすぐに乾くので、機能性抜群です！', 6000, 'uploads/503f3464d9c99a4a357d9e2f722f8cd6866bec8e.jpeg', '', '', 0, 0, '2020-04-30 08:37:40', '2020-04-29 14:37:40'),
(202, '練習用ユニフォーム', 3, 5, 2, '夏場でもすぐに乾くので、機能性抜群です！', 6000, 'uploads/503f3464d9c99a4a357d9e2f722f8cd6866bec8e.jpeg', '', '', 0, 0, '2020-04-30 08:37:40', '2020-04-29 14:37:40'),
(203, '練習用ユニフォーム', 3, 5, 2, '夏場でもすぐに乾くので、機能性抜群です！', 6000, 'uploads/503f3464d9c99a4a357d9e2f722f8cd6866bec8e.jpeg', '', '', 0, 0, '2020-04-30 08:37:40', '2020-04-29 14:37:40'),
(204, '練習用ユニフォーム', 3, 5, 2, '夏場でもすぐに乾くので、機能性抜群です！', 6000, 'uploads/503f3464d9c99a4a357d9e2f722f8cd6866bec8e.jpeg', '', '', 0, 0, '2020-04-30 08:37:40', '2020-04-29 14:37:40'),
(205, '練習用ユニフォーム', 3, 5, 2, '夏場でもすぐに乾くので、機能性抜群です！', 6000, 'uploads/503f3464d9c99a4a357d9e2f722f8cd6866bec8e.jpeg', '', '', 0, 0, '2020-04-30 08:37:40', '2020-04-29 14:37:40'),
(206, '【大容量！】遠征用バッグ', 3, 9, 4, 'かなり美品です！', 9000, 'uploads/abaace38d0da3a51b4e6c33139daa68449f40c2a.jpeg', '', '', 0, 0, '2020-04-30 07:11:28', '2020-04-29 13:11:28'),
(207, '【大容量！】遠征用バッグ', 3, 9, 4, 'かなり美品です！', 9000, 'uploads/abaace38d0da3a51b4e6c33139daa68449f40c2a.jpeg', '', '', 0, 0, '2020-04-30 07:11:28', '2020-04-29 13:11:28'),
(208, '【大容量！】遠征用バッグ', 3, 9, 4, 'かなり美品です！', 9000, 'uploads/abaace38d0da3a51b4e6c33139daa68449f40c2a.jpeg', '', '', 0, 0, '2020-04-30 07:11:28', '2020-04-29 13:11:28'),
(209, '【大容量！】遠征用バッグ', 3, 9, 4, 'かなり美品です！', 9000, 'uploads/abaace38d0da3a51b4e6c33139daa68449f40c2a.jpeg', '', '', 0, 0, '2020-04-30 07:11:28', '2020-04-29 13:11:28'),
(210, '【大容量！】遠征用バッグ', 3, 9, 4, 'かなり美品です！', 9000, 'uploads/abaace38d0da3a51b4e6c33139daa68449f40c2a.jpeg', '', '', 0, 0, '2020-04-30 07:11:28', '2020-04-29 13:11:28'),
(211, '【大容量！】遠征用バッグ', 3, 9, 4, 'かなり美品です！', 9000, 'uploads/abaace38d0da3a51b4e6c33139daa68449f40c2a.jpeg', '', '', 0, 0, '2020-04-30 07:11:28', '2020-04-29 13:11:28'),
(212, '【大容量！】遠征用バッグ', 3, 9, 4, 'かなり美品です！', 9000, 'uploads/abaace38d0da3a51b4e6c33139daa68449f40c2a.jpeg', '', '', 0, 0, '2020-04-30 07:11:28', '2020-04-29 13:11:28'),
(213, '【硬式用グローブ】美津和タイガー内野手用', 8, 1, 2, '甲子園で使用したグラブです！', 16000, 'uploads/d3a3bfda24dd1e82784ba8eedbd2cb1480639d31.jpeg', '', '', 0, 0, '2020-04-30 07:12:35', '2020-04-29 13:12:35'),
(214, '【硬式用グローブ】美津和タイガー内野手用', 8, 1, 2, '甲子園で使用したグラブです！', 16000, 'uploads/d3a3bfda24dd1e82784ba8eedbd2cb1480639d31.jpeg', '', '', 0, 0, '2020-04-30 07:12:35', '2020-04-29 13:12:35'),
(215, '【硬式用グローブ】美津和タイガー内野手用', 8, 1, 2, '甲子園で使用したグラブです！', 16000, 'uploads/d3a3bfda24dd1e82784ba8eedbd2cb1480639d31.jpeg', '', '', 0, 0, '2020-04-30 07:12:35', '2020-04-29 13:12:35'),
(216, '【硬式用グローブ】美津和タイガー内野手用', 8, 1, 2, '甲子園で使用したグラブです！', 16000, 'uploads/d3a3bfda24dd1e82784ba8eedbd2cb1480639d31.jpeg', '', '', 0, 0, '2020-04-30 07:12:35', '2020-04-29 13:12:35'),
(217, '【硬式用グローブ】美津和タイガー内野手用', 8, 1, 2, '甲子園で使用したグラブです！', 16000, 'uploads/d3a3bfda24dd1e82784ba8eedbd2cb1480639d31.jpeg', '', '', 0, 0, '2020-04-30 07:12:35', '2020-04-29 13:12:35'),
(218, '【硬式用グローブ】美津和タイガー内野手用', 8, 1, 2, '甲子園で使用したグラブです！', 16000, 'uploads/d3a3bfda24dd1e82784ba8eedbd2cb1480639d31.jpeg', '', '', 0, 0, '2020-04-30 07:12:35', '2020-04-29 13:12:35'),
(219, '【硬式用グローブ】美津和タイガー内野手用', 8, 1, 2, '甲子園で使用したグラブです！', 16000, 'uploads/d3a3bfda24dd1e82784ba8eedbd2cb1480639d31.jpeg', '', '', 0, 0, '2020-04-30 07:12:35', '2020-04-29 13:12:35'),
(220, '【硬式用グローブ】美津和タイガー内野手用', 8, 1, 2, '甲子園で使用したグラブです！', 16000, 'uploads/d3a3bfda24dd1e82784ba8eedbd2cb1480639d31.jpeg', '', '', 0, 0, '2020-04-30 07:12:35', '2020-04-29 13:12:35'),
(221, '【硬式用グローブ】美津和タイガー内野手用', 8, 1, 2, '甲子園で使用したグラブです！', 16000, 'uploads/d3a3bfda24dd1e82784ba8eedbd2cb1480639d31.jpeg', '', '', 0, 0, '2020-04-30 07:12:35', '2020-04-29 13:12:35'),
(222, '【硬式用グローブ】美津和タイガー内野手用', 8, 1, 2, '甲子園で使用したグラブです！', 16000, 'uploads/d3a3bfda24dd1e82784ba8eedbd2cb1480639d31.jpeg', '', '', 0, 0, '2020-04-30 07:12:35', '2020-04-29 13:12:35'),
(223, '【硬式用グローブ】美津和タイガー内野手用', 8, 1, 2, '甲子園で使用したグラブです！', 16000, 'uploads/d3a3bfda24dd1e82784ba8eedbd2cb1480639d31.jpeg', '', '', 0, 0, '2020-04-30 07:12:35', '2020-04-29 13:12:35'),
(224, '【硬式用グローブ】美津和タイガー内野手用', 8, 1, 2, '甲子園で使用したグラブです！', 16000, 'uploads/d3a3bfda24dd1e82784ba8eedbd2cb1480639d31.jpeg', '', '', 0, 0, '2020-04-30 07:12:35', '2020-04-29 13:12:35'),
(225, '【硬式用グローブ】美津和タイガー内野手用', 8, 1, 2, '甲子園で使用したグラブです！', 16000, 'uploads/d3a3bfda24dd1e82784ba8eedbd2cb1480639d31.jpeg', '', '', 0, 0, '2020-04-30 07:12:35', '2020-04-29 13:12:35'),
(226, '【硬式用グローブ】美津和タイガー内野手用', 8, 1, 2, '甲子園で使用したグラブです！', 16000, 'uploads/d3a3bfda24dd1e82784ba8eedbd2cb1480639d31.jpeg', '', '', 0, 0, '2020-04-30 07:12:35', '2020-04-29 13:12:35'),
(227, '【硬式用グローブ】美津和タイガー内野手用', 8, 1, 2, '甲子園で使用したグラブです！', 16000, 'uploads/d3a3bfda24dd1e82784ba8eedbd2cb1480639d31.jpeg', '', '', 0, 0, '2020-04-30 07:12:35', '2020-04-29 13:12:35'),
(228, 'HATAKEYAMA キャッチャーミット', 6, 1, 2, 'ほぼ未使用品です！', 45000, 'uploads/b49e527ccc783d149a138206d2b4e0c5652927b7.jpeg', '', '', 0, 0, '2020-04-30 07:13:17', '2020-04-29 13:13:17'),
(229, 'HATAKEYAMA キャッチャーミット', 6, 1, 2, 'ほぼ未使用品です！', 45000, 'uploads/b49e527ccc783d149a138206d2b4e0c5652927b7.jpeg', '', '', 0, 0, '2020-04-30 07:13:17', '2020-04-29 13:13:17'),
(230, 'HATAKEYAMA キャッチャーミット', 6, 1, 2, 'ほぼ未使用品です！', 45000, 'uploads/b49e527ccc783d149a138206d2b4e0c5652927b7.jpeg', '', '', 0, 0, '2020-04-30 07:13:17', '2020-04-29 13:13:17'),
(231, 'HATAKEYAMA キャッチャーミット', 6, 1, 2, 'ほぼ未使用品です！', 45000, 'uploads/b49e527ccc783d149a138206d2b4e0c5652927b7.jpeg', '', '', 0, 0, '2020-04-30 07:13:17', '2020-04-29 13:13:17'),
(232, 'HATAKEYAMA キャッチャーミット', 6, 1, 2, 'ほぼ未使用品です！', 45000, 'uploads/b49e527ccc783d149a138206d2b4e0c5652927b7.jpeg', '', '', 0, 0, '2020-04-30 07:13:17', '2020-04-29 13:13:17'),
(233, 'HATAKEYAMA キャッチャーミット', 6, 1, 2, 'ほぼ未使用品です！', 45000, 'uploads/b49e527ccc783d149a138206d2b4e0c5652927b7.jpeg', '', '', 0, 0, '2020-04-30 07:13:17', '2020-04-29 13:13:17'),
(234, 'HATAKEYAMA キャッチャーミット', 6, 1, 2, 'ほぼ未使用品です！', 45000, 'uploads/b49e527ccc783d149a138206d2b4e0c5652927b7.jpeg', '', '', 0, 0, '2020-04-30 07:13:17', '2020-04-29 13:13:17'),
(235, 'HATAKEYAMA キャッチャーミット', 6, 1, 2, 'ほぼ未使用品です！', 45000, 'uploads/b49e527ccc783d149a138206d2b4e0c5652927b7.jpeg', '', '', 0, 0, '2020-04-30 07:13:17', '2020-04-29 13:13:17'),
(236, '【軟式用】ザナックス内野手用', 10, 1, 5, '使用感がありますがまだまだ使えます！', 3800, 'uploads/be756476eb0990aad08cdca35a2ed338e72945e3.jpeg', '', '', 0, 0, '2020-04-30 23:15:41', '2020-04-30 05:15:41'),
(237, '【軟式用】UNDER ARMOUR 野球用スパイク', 9, 2, 6, '新品です！ぜひ買ってや！', 8900, 'uploads/descent_spike.jpg', '', '', 0, 0, '2020-05-01 19:39:24', '2020-05-01 01:39:24');

-- --- boards ---
INSERT INTO `boards` (`id`, `sale_user`, `product_id`, `buy_user`, `delete_flg`, `created_at`, `updated_at`) VALUES
(1, 4, 76, 1, 0, '2020-04-30 08:34:28', '2025-12-27 12:23:44'),
(2, 2, 170, 1, 0, '2020-04-30 08:35:27', '2025-12-27 12:23:42'),
(3, 4, 176, 2, 0, '2020-04-30 16:23:11', '2020-04-29 22:23:11'),
(4, 1, 149, 6, 0, '2020-05-01 19:41:05', '2025-12-27 12:23:13'),
(5, 4, 169, 1, 0, '2026-03-07 12:02:29', '2026-03-07 12:02:29'),
(6, 4, 171, 1, 0, '2026-03-17 13:50:50', '2026-03-17 13:50:50');

-- --- messages ---
INSERT INTO `messages` (`id`, `bord_id`, `send_at`, `to_user`, `from_user`, `msg`, `delete_flg`, `created_at`, `updated_at`) VALUES
(1, 1, '2020-04-30 08:34:40', 4, 1, '購入させていただきました！', 0, '2020-04-30 08:34:40', '2025-12-27 12:24:38'),
(2, 1, '2020-04-30 08:34:45', 4, 1, 'よろしくおねがいします！', 0, '2020-04-30 08:34:45', '2025-12-27 12:25:42'),
(3, 2, '2020-04-30 08:35:39', 2, 1, '購入させていただきました！', 0, '2020-04-30 08:35:39', '2025-12-27 12:25:42'),
(4, 2, '2020-04-30 08:35:44', 2, 1, 'よろしくおねがいします！', 0, '2020-04-30 08:35:44', '2025-12-27 12:25:42'),
(5, 2, '2020-04-30 16:22:58', 1, 2, 'ありがとうございます！', 0, '2020-04-30 16:22:58', '2025-12-27 12:25:42'),
(6, 3, '2020-04-30 16:23:24', 4, 2, '素晴らしいグローブですね！購入させていただきました！', 0, '2020-04-30 16:23:24', '2020-04-29 22:23:24'),
(7, 4, '2020-05-01 19:41:12', 1, 6, '購入させていただきました！', 0, '2020-05-01 19:41:12', '2025-12-27 12:25:42'),
(8, 4, '2020-05-01 19:41:19', 1, 6, 'ええグローブじゃのう！', 0, '2020-05-01 19:41:19', '2025-12-27 12:22:34'),
(9, 2, '2025-12-18 23:21:22', 2, 1, 'ああああ', 0, '2025-12-18 23:21:22', '2025-12-27 12:25:42'),
(10, 2, '2025-12-18 23:24:18', 2, 1, 'あｓｄふぁｓｆｄ', 0, '2025-12-18 23:24:18', '2025-12-27 12:25:42'),
(11, 2, '2025-12-19 06:10:54', 2, 1, 'あｓｄふぁｓｆｄ', 0, '2025-12-19 06:10:54', '2025-12-27 12:25:42'),
(12, 4, '2025-12-20 06:21:34', 6, 1, 'hello world', 0, '2025-12-20 06:21:34', '2025-12-27 12:25:42'),
(13, 4, '2025-12-26 06:22:22', 6, 1, 'ｓｆｓ', 0, '2025-12-26 06:22:22', '2025-12-27 12:25:42'),
(14, 4, '2026-03-04 08:07:58', 6, 1, 'テスt', 0, '2026-03-04 08:07:58', '2026-03-04 08:07:58'),
(15, 5, '2026-03-16 21:10:31', 4, 1, 'ああああ', 0, '2026-03-16 21:10:31', '2026-03-16 21:10:31'),
(16, 6, '2026-03-17 13:50:57', 4, 1, 'よろしくお願いします。', 0, '2026-03-17 13:50:57', '2026-03-17 13:50:57');

-- --- likes ---
INSERT INTO `likes` (`id`, `product_id`, `user_id`, `delete_flg`, `created_at`, `updated_at`) VALUES
(1, 176, 2, 0, '2020-04-30 09:47:22', '2020-04-29 15:47:22'),
(2, 169, 4, 0, '2020-04-30 13:25:48', '2020-04-29 19:25:48'),
(4, 149, 6, 0, '2020-05-01 19:41:03', '2020-05-01 01:41:03'),
(11, 170, 1, 0, '2025-12-20 14:35:59', '2025-12-27 12:23:04');

SET FOREIGN_KEY_CHECKS = 1;
